东部战区,7483054836,http://weibo.com/7483054836
空军在线,6397754323,http://weibo.com/6397754323
人民陆军,6551339780,http://weibo.com/6551339780
人民海军,7073308386,http://weibo.com/7073308386
我们的太空,6528178851,http://weibo.com/6528178851
中国火箭军,6970924033,http://weibo.com/6970924033
央视军事,6189120710,http://weibo.com/6189120710
人民前线,3592075834,http://weibo.com/3592075834
南部战区,7468777622,http://weibo.com/7468777622
中部战区号角,7336594039,http://weibo.com/7336594039
新华社,1699432410,http://weibo.com/1699432410
人民日报,2803301701,http://weibo.com/2803301701
三剑客,5651101017,http://weibo.com/5651101017
央广军事,1728148193,http://weibo.com/1728148193
亮剑东南,7508733210,http://weibo.com/7508733210
第一军情,6224784458,http://weibo.com/6224784458
